{"cameraMode":{"drawMode":0,"name":"Shaded","section":"Shading Mode"},"sceneLighting":true,"audioPlay":false,"sceneViewState":{"showFog":true,"showMaterialUpdate":false,"showSkybox":true,"showFlares":true,"showImageEffects":true,"showParticleSystems":true},"in2DMode":false,"pivot":{"x":-12.681747436523438,"y":11.63752269744873,"z":-28.261390686035158},"rotation":{"x":-0.008326386101543904,"y":0.9035425186157227,"z":-0.42813238501548769,"w":-0.017637113109230996},"size":19.398969650268556,"orthographic":false}