{"cameraMode":{"drawMode":0,"name":"Shaded","section":"Shading Mode"},"sceneLighting":true,"audioPlay":false,"sceneViewState":{"showFog":true,"showMaterialUpdate":false,"showSkybox":true,"showFlares":true,"showImageEffects":true,"showParticleSystems":true},"in2DMode":false,"pivot":{"x":0.8565158843994141,"y":1.0850296020507813,"z":0.26686859130859377},"rotation":{"x":0.34117987751960757,"y":-0.6449965238571167,"z":0.39351147413253786,"w":0.5592247843742371},"size":50.016746520996097,"orthographic":false}