{"cameraMode":{"drawMode":0,"name":"Shaded","section":"Shading Mode"},"sceneLighting":true,"audioPlay":false,"sceneViewState":{"showFog":true,"showMaterialUpdate":false,"showSkybox":true,"showFlares":true,"showImageEffects":true,"showParticleSystems":true},"in2DMode":false,"pivot":{"x":-0.9952125549316406,"y":0.7022247314453125,"z":-9.076263427734375},"rotation":{"x":0.11822260171175003,"y":0.881786048412323,"z":-0.3198767304420471,"w":0.3258773684501648},"size":37.81740951538086,"orthographic":false}