{"cameraMode":{"drawMode":0,"name":"Shaded","section":"Shading Mode"},"sceneLighting":true,"audioPlay":false,"sceneViewState":{"showFog":true,"showMaterialUpdate":false,"showSkybox":true,"showFlares":true,"showImageEffects":true,"showParticleSystems":true},"in2DMode":false,"pivot":{"x":-9.138179779052735,"y":11.804941177368164,"z":-20.92584991455078},"rotation":{"x":0.01796804741024971,"y":0.9347113370895386,"z":-0.3518258035182953,"w":0.04770397022366524},"size":55.74087905883789,"orthographic":false}