{"cameraMode":{"drawMode":0,"name":"Shaded","section":"Shading Mode"},"sceneLighting":true,"audioPlay":false,"sceneViewState":{"showFog":true,"showMaterialUpdate":false,"showSkybox":true,"showFlares":true,"showImageEffects":true,"showParticleSystems":true},"in2DMode":false,"pivot":{"x":-7.189497470855713,"y":5.21414852142334,"z":-6.365735054016113},"rotation":{"x":0.0913022980093956,"y":-0.563344419002533,"z":0.0627385675907135,"w":0.8188378810882568},"size":91.2476577758789,"orthographic":true}