{"cameraMode":{"drawMode":0,"name":"Shaded","section":"Shading Mode"},"sceneLighting":true,"audioPlay":false,"sceneViewState":{"showFog":true,"showMaterialUpdate":false,"showSkybox":true,"showFlares":true,"showImageEffects":true,"showParticleSystems":true},"in2DMode":false,"pivot":{"x":16.986492156982423,"y":-16.877098083496095,"z":-34.00196838378906},"rotation":{"x":0.04699775576591492,"y":0.9360737204551697,"z":-0.32062435150146487,"w":0.13716262578964234},"size":60.803646087646487,"orthographic":false}