{"cameraMode":{"drawMode":0,"name":"Shaded","section":"Shading Mode"},"sceneLighting":true,"audioPlay":false,"sceneViewState":{"showFog":true,"showMaterialUpdate":false,"showSkybox":true,"showFlares":true,"showImageEffects":true,"showParticleSystems":true},"in2DMode":false,"pivot":{"x":1.8070487976074219,"y":-0.14701271057128907,"z":5.986454010009766},"rotation":{"x":-0.06018311157822609,"y":0.9299783110618591,"z":-0.17674188315868379,"w":-0.31667056679725649},"size":30.285181045532228,"orthographic":false}